<?xml version="1.0" encoding="utf-8"?>
<Defs>
  <SoundDef Class="IndustrialAge.Objects.TuneDef">
    <defName>Estate_GS_FurElise</defName>
	<label>Fur Elise</label>
	<artist>Beethoven</artist>
	<durationTime>151</durationTime>
    <sustain>True</sustain>
	<context>MapOnly</context>
	<eventNames />
    <priorityMode>PrioritizeNearest</priorityMode>  
    <subSounds>
      <li>
	    <muteWhenPaused>True</muteWhenPaused>
        <grains>
          <li Class="AudioGrain_Folder">
            <clipFolderPath>Piano/FurElise</clipFolderPath>
          </li>
        </grains>      
        <volumeRange>
          <min>20</min>        
          <max>20</max>
        </volumeRange>      
        <pitchRange>
          <min>0.9999</min>        
          <max>1.0001</max>
        </pitchRange>      
        <sustainLoop>False</sustainLoop>
      </li>
    </subSounds>
  </SoundDef>
    
 </Defs> 