<?xml version="1.0" encoding="utf-8" ?>
<Defs>

  <WorkGiverDef>
    <defName>DoBillsCookWoodStoveFurnace</defName>
    <label>cook meals at wood stove furnace</label>
    <giverClass>WorkGiver_DoBill</giverClass>
    <workType>Cooking</workType>
    <priorityInType>97</priorityInType>
    <fixedBillGiverDefs>
      <li>WoodStoveFurnace</li>
    </fixedBillGiverDefs>
    <verb>cook</verb>
    <gerund>cooking</gerund>
    <requiredCapacities>
      <li>Manipulation</li>
    </requiredCapacities>
    <prioritizeSustains>true</prioritizeSustains>
  </WorkGiverDef>
    
  
</Defs>