<?xml version="1.0" encoding="utf-8" ?>
<Defs>

  <ThingDef ParentName="ResourceBase">
    <defName>Jecrell_Wax</defName>
    <label>tallow wax</label>
    <description>Wax created from animal fat.</description>
    <graphicData>
      <texPath>Things/Item/Resource/Wax/Jecrell_Wax</texPath>
      <graphicClass>Graphic_Single</graphicClass>
    </graphicData>
    <soundInteract>Standard_Drop</soundInteract>
    <soundDrop>Standard_Drop</soundDrop>
    <stackLimit>400</stackLimit>
    <statBases>
	  <Mass>0.1</Mass>
      <MaxHitPoints>70</MaxHitPoints>
      <MarketValue>3</MarketValue>
      <Flammability>1.0</Flammability>
      <DeteriorationRate>2</DeteriorationRate>
	  <WorkToMake>200</WorkToMake>
    </statBases>
    <intricate>true</intricate>
    <thingCategories>
      <li>Manufactured</li>
    </thingCategories>
  </ThingDef>

</Defs>