﻿<?xml version="1.0" encoding="utf-8"?>
<ModMetaData>
  <name>Industrial Age - Objects and Furniture</name>
  <author>Jecrell</author>
  <targetVersion>1.0.2059</targetVersion>
  <description>1.20.0.0 (10-19-2018)

	Adds new furniture and appliances to your game inspired by the time period of the late 1800's and early 1900s themed after the industrial era.

	Adds the following objects:
		*Refrigerator
		*Telegraph
		*Gramophone
                *Radio
		*Candelabra
		*Chandelier
                *Grand chandelier
		*Street Gas Lamp
		*Interior Gas Lamp
                *Tesla Arc Lamp
                *Edison Lamp
                *Edison Tube
		*Wood Stove Furnace
	Books and bookcases have been moved to a new mod: RimWriter!

	Special thanks to Vendan for a refrigeration subclass.
	Check out his mod, RimFridge!

	Adds the following resources:
		*Wax (Obtained from meat at cooking tables)

Thank you to my Patrons for supporting me in my efforts. Without you, none of this would be possible.

These are the most excellent rim dwellers who support me: 
Lumberjack, Shibby Says, TheJagermeister, Cory Bonifay, Kiya Nicoll, Matt Harris, Paul Fenwick, Grendalloffen, Martin K. Bonde, Bentley Alsup, Eric Idema, MasterScootie, GoSu, Josh McCabe, spook, Clifford Campbell, J, CrankyPeanut, E_T, Finwej, Jonathan, Audrin Navarro, Михаил Юрченко, John Kanady, Luis Figueroa, Midgeman, Nate Haug, Nemuri Hime, Richard Paul, SilentWeirdo, Calum, Calhoun Cattell, Keith Thoma, Tim Stillson, Dick Jones, Patrick, Nathan Getman, Populous25, Sharp Spook, Steven James, Marcus Sireanu, Mark, Emily Shaw, Drachken, Zalson, Baron Xot, Nicholas Bateman, Christopher, Justin Andres, Luis Salvatierra, TinyFloatingTurtle, George Chong Chuang Ming, John Boehr, Oliver White, roxxploxx, Robin Hager, Brachiaraidos, That Guy, Toc Anastar, Karol Rybak, Allic, Austin Harbert, Yewty, Evan Hwang, Ryan Brock, Jonathan Holzinger, MC, Alexander, Kevin Reagan, Alex Mederer, Toss Antilles, Chelsea Archambeau, Aron Glasser, Dan Winn, Fredric Sundberg, Sarah Banks, ted stevens

========================
Changelog
========================
1.20.0.0 (10-19-2018)
========================
Initial release for RimWorld 1.0.

1.19.0.2 (10-01-2018)
========================
The initial release did not have the proper wax recipe available. Wax can now be properly created at the Electric Stove, Fueled Stove, or Wood Stove by using meat.

1.19.0.1 (09-30-2018)
===================
Added many new lightsources. Now uses latest JecsTools code so that most added furniture can be safely placed on top of tables or other surfaces.
</description>
</ModMetaData>