﻿<?xml version="1.0" encoding="UTF-8" standalone="yes"?>
<Manifest>
  <identifier>IA-ObjectsAndFurniture</identifier>
  <version>1.20.0.0</version>
  <dependencies>
    <li>JecsTools</li>
  </dependencies>
  <incompatibleWith />
  <loadBefore />
  <loadAfter>
    <li>HugsLib</li>
    <li>JecsTools</li>
  </loadAfter>
  <manifestUri>https://raw.githubusercontent.com/Rim-Of-Madness-Team/Call-of-Cthulhu---Industrial-Age/master/About/Manifest.xml</manifestUri>
  <downloadUri>https://github.com/Rim-Of-Madness-Team/Call-of-Cthulhu---Industrial-Age/releases</downloadUri>
</Manifest>